"Yes, I agree to the","Ja ik ga akkoord met de"
"terms and conditions","algemene voorwaarden"
"100% Secure. Zero Spam.","100% Veilig. Geen spam."
"Limited Stock","Beperkte voorraad"
"Error!","Fout!"
"Please fill in all required fields.","Vul alle verplichte velden in."
"TRY AGAIN","OPNIEUW PROBEREN"
"New Arrival","Nieuw Artikel"
"Order process completed successfully.","Bestelproces succesvol voltooid."
"Show More","Meer tonen"
"Show Less","Minder tonen"
"You are being redirected, please wait...","U wordt doorgestuurd, even geduld a.u.b."
"Adding...","Toevoegen…"
Cancel,Annuleer
View & Continue,Bekijk & Ga verder
Apply,Toepassen
Apply Discount Code,Kortingscode toepassen
Do you have a gift card?,Heb je een waardebon?
Processing ...,Aan het verwerken ...
The coupon code isn't valid. Verify the code and try again.,De couponcode is ongeldig. Controleer de code en probeer het opnieuw.
Saving your preference,Voorkeur wordt opgeslagen
The product's required option(s) weren't entered. Make sure the options are entered and try again.,De vereiste optie(s) van het product zijn niet ingevoerd. Controleer of de opties zijn ingevoerd en probeer het opnieuw.
Remove,Verwijder
Edit,Bewerk
Each,per stuk
days,dagen
until end of promotion!,tot einde actie!
See our linkedin profile!,Bekijk ons LinkedIn-profiel!
See our facebook profile!,Bekijk ons Facebook-profiel!
See our instagram profile!,Bekijk ons Instagram-profiel!
See our pinterest profile!,Bekijk ons Pinterest-profiel!
Increase quantity,Hoeveelheid verhogen
Decrease quantity,Hoeveelheid verlagen
Own furniture workshop & real craftsmanship,Eigen meubelmakerij & echte vakmanschap
Long lasting due to good quality,Gaat lang mee door goede kwaliteit
Sustainable & Certified Wood,Duurzaam & Gecertificeerd Hout
Own color?,Eigen kleur?
Maximum %1 characters,Maximaal %1 tekens
Reviews,Beoordelingen
Your cart is empty,Je winkelwagen is leeg
Looks like you haven't made your choice yet.,Het lijkt erop dat u nog geen keuze heeft gemaakt.
Continue shopping,Verder winkelen
days until end of promotion!,dagen tot einde actie!
Still,Nog
products left!,producten over!
Special offer:,Speciale aanbieding:
As low as,Vanaf
Read more,Lees Meer
Read less,Lees Minder
Description,Beschrijving
description,Beschrijving
Delivery time:,Levertijd:
Related search terms,Gerelateerde zoek termen
Did you mean,Bedoel je
Search entire store here...,Waar ben je naar op zoek?
Place Order,Bestellen en betalen
Please enter at least %0 characters.,Voer minimaal %0 tekens in.
Please enter at least 1 character.,Voer minimaal 1 teken in.
You might also like:,Misschien ook leuk:
Cart is empty,Winkelwagen is leeg
Product Options:,Product opties:
Search terms,Zoek termen
Read more,Lees Meer
Projects,Projecten
Collections,Collecties
Who Viewed This Also Viewed,Klanten bekeken ook
Subtotal:,Subtotaal:
"Please select a region, state or province.","Selecteer een regio, staat of provincie."
Nickname,Gebruikersnaam
Review,Beoordeling
Your Rating:,Uw beoordeling:
Write Your Own Review,Schrijf uw eigen beoordeling
Submit Review,Beoordeling indienen
Review by,Beoordeling door
You're reviewing:,U bent aan het beoordelen:
for buying this product!,voor de koop van dit product!
Regular Price,Normale prijs
Revenue,Winst
Price: high to low,Prijs: hoog naar laag
Price: low to high,Prijs: laag naar hoog
Biggest Saving,Meest bespaard
New,Nieuw
Top Rated,Top beoordeeld
Reviews Count,Aantal beoordelingen
Now in Wishlists,Nu in wenslijst
Most Viewed,Meest bekeken
Product Name,Product naam
Position,Positie
(Flat Rate - Fixed),(Vast tarief)
Shipping & Handling,Verzending en afhandeling
Apply Rewards,Beloningen toepassen
Item,Product
Submit,Verstuur
Contact Details,Contact details
What’s on your mind?,Wat is er aan de hand?
Get in touch,Contact opnemen,
Do you have a question or need advice? Fill in your details below and we’ll respond within 24 hours.,Heb je een vraag of wil je advies? Vul hieronder je gegevens in en we reageren binnen 24 uur.,
Name,Naam,
Phone number (optional),Telefoonnummer (optioneel),
E-mail,E-mail,
Your question or message,Je vraag of bericht,
Send message,Bericht versturen
You have no rewards.,U heeft geen beloningen.
There are no active subscriptions.,Er zijn geen actieve abonnementen.
Subscription option,Abonnement optie
General Subscription,Algemeen abonnement
You have submitted no reviews.,U heeft geen product beoordelingen.
You have no stored payment methods.,U heeft geen opgeslagen betaalmethodes.
Customer Address,Klant adres
City,Stad
Street Address 2,Straat adres 2
Street Address,Straat adres
Address,Adres
Edit Address,Bewerk adres
You have not set a default billing address.,U heeft geen standaard factuuradres ingesteld.
Default Shipping Address,Standaard verzendadres
Default Billing Address,Standaard factuuradres
Manage Addresses,Beheer adres boek
Edit,Bewerk
You aren't subscribed to our newsletter.,U bent niet ingechreven op onze nieuwsbrief.
Newsletters,Nieuwsbrief
Contact Information,Contactgegevens
Save,Opslaan
Go back,Terug
Change Password,Verander wachtwoord
Change Email,Verander email
You have placed no orders.,U heeft geen bestellingen geplaatst
You have no items in your wish list.,U heeft geen producten in u wensen lijst.
Current Balance,Huidige punten
Total Earned: ,Totaal verdient:
Total Spent: ,Totaal gebruikt:
Expired: ,Verlopen:
My Account,Mijn account
Sign Out,Uitloggen
Reward Points History,Beloningspunten geschiedenis
Reward Points Amasty,Beloningspunten Amasty
Back in Stock Subscriptions,Weer op voorraad abonnementen
Newsletter Subscriptions,Nieuwsbrief abonnementen
My Product Reviews,Mijn product beoordelingen
Stored Payment Methods,Opgeslagen betaalmethodes
My Wish List,Mijn wensen lijst
My Downloadable Products,Mijn downloadbare producten
My Orders,Mijn bestellingen
Address Book,Adres boek
Account Information,Account informatie
My Rewards,Mijn punten
Customer Login,Klanten login
Sign In,Login
More Information,Meer informatie
Review & Payments,Beoordeling en betalingen
Shipping Methods,Verzendmethoden
Country,Land
Company,Bedrijf
Phone Number,Telefoonnummer
Order Summary,Bestelling overzicht
Estimate Shipping and Tax,Verzendkosten en BTW
Enter your destination to get a shipping estimate.,Voer uw bestemming in om een schatting van de verzendkosten te krijgen.
State/Province,Staat/Provincie
Zip/Postal Code,Postcode
Grand Total,Totaalbedrag
Checkout securely,Veilig afrekenen
Update Shopping Cart,Werk winkelwagen bij
Summary,Overzicht
Shopping Cart,Uw winkelwagen
Customer Information,Klant informatie
or,of
View and Edit Cart,Bekijk winkelwagen
Checkout,Afrekenen
"The password must include at least %1 or more of: uppercase (A-Z), lowercase (a-z), number and symbol.","Het wachtwoord moet ten minste %1 of meer van de volgende elementen bevatten: hoofdletters (A-Z), kleine letters (a-z), cijfers en symbolen."
Create New Customer Account,Maak een nieuw klantaccount
Create an Account,Maak een account
Back,Terug
Confirm Password,Bevestig wachtwoord
Sign-in Information,Login informatie
Allow remote shopping assistance,Hulp bij winkelen op afstand toestaan
Sign Up for Newsletter,Abonneren op nieuwsbrief
First Name,Voornaam
Last Name,Achternaam
Personal Information,Persoonlijke gegevens
Forgot Your Password?,Wachtwoord vergeten?
New Customers,Nieuwe klanten
"Creating an account has many benefits: check out faster, keep more than one address, track orders and more.","Een account aanmaken heeft veel voordelen: sneller bestellen, meer dan 1 adres toevoegen, bestellingen volgen en meer."
"If you have an account, sign in with your email address.",Heeft u al een account? Log in met u email adres.
Shop By,Filteren
Related Products,Gerelateerde producten
Category,Categorie
"Only registered users can write reviews. Please <a href=""%1"" class=""underline"">Sign in</a> or <a href=""%2"" class=""underline"">create an account</a>","Alleen ingelogde gebruikers kunnen een review schrijven. <a href=""%1"" class=""underline"">Login</a> of <a href=""%2"" class=""underline"">maak een account.</a>"
You can earn,Koop dit product nu en ontvang
Reward Points,punten
for registration!,for registration!
for making a purchase! Available for,Voor
registered,geregistreerde
customers only.,klanten
for completing your purchase!,for completing your purchase!
Apply Rewards,Apply Rewards
You Have <strong>%1</strong> points left,You Have <strong>%1</strong> points left
%3 for every %1%2,%3 for every %1%2
Enter reward amount,Enter reward amount
Cancel Reward,Cancel Reward
"Note: You need at least %1 points to pay for the
                        order with reward points.","Note: You need at least %1 points to pay for the
                        order with reward points."
Note: You have %1 points only.,Note: You have %1 points only.
Earn,Earn
Notification options,Notification options
"Receive emails when reward points
                            are added to the balance","Receive emails when reward points
                            are added to the balance"
"Receive emails when reward
                        points are about to expire","Receive emails when reward
                        points are about to expire"
Save Notification Options,Save Notification Options
Date,Date
Change,Change
Comment,Comment
Action,Action
Points Left,Points Left
Amount,Amount
Days Left,Days Left
You have no rewards.,You have no rewards.
Current Balance,Current Balance
Total Earned: ,Total Earned:
Total Spent: ,Total Spent:
Expired: ,Expired:
Expiring Points Breakdown,Expiring Points Breakdown
Amount to Expire,Amount to Expire
Expiration Date,Expiration Date
Shipping Address,Verzendadres
View product,Bekijk product
In stock,Op voorraad
Out of stock,Niet op voorraad
Order on request,Bestel op aanvraag
Order on Request,Bestel op aanvraag
Open gallery full screen,Open afbeelding galerij
Show more options,Toon meer opties
Show less options,Toon minder opties
Regular shopper? ,Vaste klant?
Contact information,Contactgegevens
"Your product, made by hand.","Uw product, met de hand gemaakt."
"Expected shipment:","Verwachte verzending:"
"Expected delivery: %1","Verwachte bezorging: %1",
"View Cart","Bekijk winkelwagen"
"Continue Shopping","doorgaan met winkelen"
"Because we customize and build this product especially for you, it takes us %1 to guarantee the quality you deserve. It will be shipped to you immediately afterwards.","Omdat we dit product speciaal voor u op maat maken en produceren, hebben we %1 nodig om de kwaliteit te garanderen die u verdient. Het wordt direct naar u verzonden."
"Available from:","Leverbaar vanaf:"
"Type here","Typ hier"
"(Maximum %1 characters)"," (maximaal %1 tekens)"
"Product Added to Cart!","Product toegevoegd aan winkelwagen!"
"What would you like to do next?","Wat wil je hierna doen?"
"View description","Bekijk beschrijving"
"Discover our latest articles about interior, design and living trends","Ontdek onze laatste artikelen over interieur, design en woontrends"
"View all","Bekijk alles"
"Sale ends in","De uitverkoop eindigt over"
"hrs","uren"
"mins","minuten",
"secs","seconden",
"Only %1 left at this price","Slechts nog %1 beschikbaar voor deze prijs",
"Configurable options","Pas maatvoering aan",
"Submit","Indienen",
"Search...","Zoeken...",
"Directly available","Direct beschikbaar",
"Ordered before 15:00 is delivered the next working day.","Voor 15:00 besteld is eerst volgende werkdag geleverd."
"Handcrafted for you","Handgemaakt voor jou",
"Handmade for you","Handgemaakt voor jou",
"This product is fully customizable—place your pre-order now and secure yourself a unique item.","Dit product is volledig customizable - bestel nu je pre-order en verzeker jezelf van een uniek exemplaar.",
"Sustainable Certified Wood","Duurzaam gecertificeerd hout",
"Made for Generations","Gemaakt voor generaties",
"Craftsmanship from our own workshop","Ambacht uit Eigen Werkplaats",
"Fast & Careful Delivery","Snelle en zorgvuldige levering",
"Our furniture is crafted from sustainably sourced wood, respecting nature and future generations.","Onze meubels zijn gemaakt van duurzaam geproduceerd hout, met respect voor de natuur en toekomstige generaties.",
"Built to last - timeless craftsmanship and durable materials ensure longevity.","Gebouwd om lang mee te gaan - tijdloos vakmanschap en duurzame materialen zorgen voor een lange levensduur.",
"Designed and made by skilled artisans in our own workshop for authentic quality.","Ontworpen en vervaardigd door bekwame ambachtslieden in ons eigen atelier voor authentieke kwaliteit.",
"Order today, receive it quickly. Carefully packaged and delivered directly from our workshop.","Bestel vandaag nog en ontvang uw bestelling snel. Zorgvuldig verpakt en rechtstreeks vanuit onze werkplaats geleverd.",
"Free delivery NL & BE","Gratis levering NL & BE",
"2 year warranty","2 jaar garantie",
"30-day return policy","30 dagen retourbeleid",
"FSC certified wood","FSC gecertificeerd hout",
"Sustainable wood","Duurzaam hout",
"Pre-order","Vooraf bestellen",
"Available immediately","Direct leverbaar",
"Available for quick delivery","Snel leverbaar",
"Handmade to order","Handgemaakt op bestelling",
"within 2-6 weeks","binnen 2-6 weken",
"Pre-order: delivery within 12 weeks","Pre-order: levering binnen 12 weken",
"Expected in stock on:","Verwacht op voorraad op:",
"This product is in stock and shipped quickly via our trusted couriers. You will receive a tracking link by email as soon as your order is dispatched. The expected delivery time is %1. You can easily adjust the delivery date through the tracking mail if needed.","Dit product is op voorraad en wordt snel verzonden via onze vertrouwde koeriersdiensten. Zodra uw bestelling is verzonden, ontvangt u een trackinglink per e-mail. De verwachte levertijd is %1. Indien nodig kunt u de leverdatum eenvoudig aanpassen via de trackingmail.",
"This product requires a little more handling and transport care before delivery. Our logistics team carefully prepares it for shipment, which usually takes %1. You will receive tracking details once shipped, including options to adjust your delivery time.","Dit product vereist iets meer zorg bij de verwerking en het transport vóór levering. Ons logistieke team bereidt het zorgvuldig voor op verzending, wat doorgaans %1 duurt. Zodra het product is verzonden, ontvangt u trackinggegevens, inclusief opties om uw levertijd aan te passen.",
"Your furniture is custom-made by our skilled craftsmen, created especially for you. The production process starts right after you order. This means delivery takes about %1. You will receive clear updates by email, and transport will be handled with extra care and scheduling options to suit you.","Uw meubels worden op maat gemaakt door onze vakbekwame ambachtslieden, speciaal voor u ontworpen. Het productieproces begint direct nadat u uw bestelling heeft geplaatst. Dit betekent dat de levering ongeveer %1 duurt. U ontvangt duidelijke updates per e-mail en het transport wordt met extra zorg en volgens een op u afgestemd schema uitgevoerd.",
"This product is currently in production or being shipped from our workshop in Indonesia. The expected delivery time is between 2 and 6 weeks. As soon as it arrives at our warehouse, we will send you an update with a personal delivery schedule. Transparency guaranteed, every step of the way.","Dit product wordt momenteel geproduceerd of verzonden vanuit onze werkplaats in Indonesië. De verwachte levertijd is tussen 2 en 6 weken. Zodra het product in ons magazijn aankomt, sturen we u een update met een persoonlijk leveringsschema. Transparantie gegarandeerd, bij elke stap.",
"This item is part of our pre-order collection and is being handmade by our craftsmen abroad. Delivery usually takes up to %1. By pre-ordering now, you secure your piece from the next shipment. You will receive regular updates on production and shipping progress.","Dit artikel maakt deel uit van onze pre-ordercollectie en wordt met de hand gemaakt door onze ambachtslieden in het buitenland. De levering duurt doorgaans maximaal %1. Door nu te pre-orderen, verzekert u zich van uw exemplaar uit de volgende zending. U ontvangt regelmatig updates over de voortgang van de productie en verzending.",
"This product is expected back in stock on %1. If you order now, you will receive a personal update once it's ready, with flexible delivery scheduling via your tracking email.","Dit product is naar verwachting weer op voorraad op %1. Als u nu bestelt, ontvangt u een persoonlijke update zodra het product klaar is, met flexibele leveringsopties via uw tracking-e-mail.",
"This product is expected back in stock on %1. If you order now, delivery will start around %2. You will receive a personal update once it's ready, with flexible delivery scheduling via your tracking email.","Dit product is naar verwachting weer op voorraad op %1. Als u nu bestelt, wordt de levering rond %2 gestart. U ontvangt een persoonlijke update zodra het product klaar is, met flexibele leveringsplanning via uw tracking-e-mail.",
"3 payments of","3 betalingen van",
"at 0% interest with Klarna","tegen 0% rente met Klarna",
"More information","Meer informatie",
"Product Attachments","Productbijlagen",
"Selected by Techtic · Personally inspected in Tolbert · Delivered quickly to your home","Geselecteerd door Techtic · Persoonlijk gecontroleerd in Tolbert · Snel bij jou thuis",
"Prefer to see it first? Visit our showroom and explore the Tower Living collection","Wilt u het eerst bekijken? Bezoek onze showroom en ontdek de Tower Living-collectie.",
"Visit our showroom in Tolbert – experience real Techtic craftsmanship.","Bezoek onze showroom in Tolbert – ervaar het echte vakmanschap van Techtic.",
"Visit the Showroom","Bezoek de showroom",
"Handmade","Handgemaakt",
"FSC® Teak","FSC® Teak",
"FSC-certified teak wood","FSC-gecertificeerd teakhout",
"Secure payment","Veilig betalen",
"Receive our new collections and offers","Ontvang onze nieuwe collecties en aanbiedingen",
"Sign up","Aanmelden",
"Weather-resistant teak","Weerbestendig teak",
"Suitable for every season","Geschikt voor elk seizoen",
"Quality","Kwaliteit",
"Value","Waarde",
"Price","Prijs",
Show,Toon,
"This product has been carefully selected and is available for immediate delivery. Comfort, quality, and craftsmanship guaranteed.","Dit product is zorgvuldig geselecteerd en is direct leverbaar. Comfort, kwaliteit en vakmanschap gegarandeerd."
"Promotional price valid until %1","Actieprijs geldig tot %1"
"Need help?","Hulp nodig?"
"Request a quote","Offerte Aanvragen"
"Installation service via","Montageservice via"
"Need help with assembly?","Hulp nodig bij montage?",
"Book a professional directly through Zoofy","Boek direct een vakman via Zoofy",
"How does it work?","Hoe werkt het?",
"Tick the service and complete your order.","Vink de service aan en rond je bestelling af.",
"You can arrange an appointment immediately at a time that suits you.","Je regelt direct een afspraak wanneer het jou uitkomt.",
"A screened professional from Zoofy will assemble your furniture.","Een gescreende vakman van Zoofy monteert je meubel.",
"No call-out charges!","Geen voorrijkosten!",
"Request Form","Aanvraagformulier"
"Your Name","Uw naam"
"Your Email","Uw e-mailadres"
"Send Request","Verzoek verzenden"
"Thank you! We have received your request and will contact you shortly.","Bedankt! We hebben je aanvraag ontvangen en nemen snel contact op."
"Delivery time upon agreement - Ordered especially for you","Levertijd in overleg - Speciaal voor u besteld"
"Customer","Klant"
"wants to order the following product:","wil het volgende product bestellen:"
"Please contact the customer.","Neem alstublieft contact op met de klant."
"Enter the size in cm (numbers only)","Vul de maat in cm in (alleen cijfers)"
"%1 is required","%1 is verplicht",
"%1 is a required field.","Controleer je gegevens: %1 is een verplicht veld."
"Tell us what you need here (e.g., non-standard sizes, recess mounting, tapered side).","Vertel ons hier wat je nodig hebt (bijv. afwijkende maten, nisbevestiging,verjongde zijde).",
"Delivery time:","Levertijd:",
"Smart Choice: Not in a hurry?","Slimme Keuze: Heb je geen haast?",
"Use discount code","Gebruik kortingscode",
"at checkout and receive immediately","in de checkout en ontvang direct",
"10% discount","10% korting",
"on this piece of furniture!","op dit meubel!",
"NEW","NIEUW",
"WATCH AT HOME","BEKIJK THUIS",
"Privacy Policy","Privacybeleid",
"Returns and Refunds","Retourzendingen en terugbetalingen",
"Proceed to checkout","Ga verder naar betalen"
"Invalid Form Key. Please refresh the page.", "Er ging technisch even iets mis. Ververs de pagina om verder te gaan."
"Not at home? Easily change the delivery time after ordering.","Niet thuis? Wijzig het levermoment eenvoudig na bestelling."
"The account sign-in was incorrect or your account is disabled temporarily. Please wait and try again later.","E-mailadres en/of wachtwoord is onjuist. Probeer het nog eens, of vraag direct een nieuw wachtwoord aan."
"City is required.","Je bent vergeten je woonplaats in te vullen."
"Please note: Only %1 items left!","Let op: Nog slechts %1 items beschikbaar!"
"Secure checkout","Veilig afronden",
"Place an order","Bestelling plaatsen",
"Question?","Vraag?",
"Available from: %1","Leverbaar vanaf: %1",
"Craftsmanship since 2002","Vakmanschap sinds 2002",
"Free delivery NL & BE from €300","Gratis levering NL & BE v.a. €300",
"Showroom in Tolbert (Groningen)","Showroom in Tolbert (Groningen)",
"Order today, delivered on %s","Bestel vandaag, geleverd op %s",
"Order today, fast delivery","Bestel vandaag, snelle levering",
"Order now, receive your order on %1.","Bestel nu, ontvang je bestelling op %1.",
"Free shipping","Gratis verzending",
"+ €%1 shipping costs","+ €%1 verzendkosten",
"Shopping cart","Winkelwagen",
"Ask via WhatsApp","Vraag via WhatsApp",
"I have a question about the product: %s (SKU: %s)","Ik heb een vraag over het product: %s (SKU: %s)",
"or pay in 3 installments:","of betaal in 3 delen:"
"Need help? Contact the specialist","Hulp nodig? App de specialist",
"Production starts immediately","Productie start direct",
"View in 3D","Bekijk in 3D",
"View in AR","Bekijk in AR",
"Scan this QR code with your mobile device to view this product in augmented reality","Scan deze QR-code met uw mobiele apparaat om dit product in augmented reality te bekijken.",
"Handcrafted customization · Delivery time %1","Ambachtelijk maatwerk · Levertijd %1",
"Status: No waiting list. We start immediately.","Status: Geen wachtlijst. Wij beginnen direct.",
"Directly from our own workshop in Tolbert","Direct uit eigen werkplaats in Tolbert",
"While others wait for containers, our craftsmen start finishing your furniture immediately after your order. No mass storage, but personal craftsmanship.","Terwijl anderen wachten op containers, starten onze vakmensen direct na uw bestelling met de afwerking van uw meubel. Geen massa-opslag, maar persoonlijk vakmanschap.",
"Want to see it?","Wilt u het zien?",
"Visit our showroom and watch our furniture makers at work.","Kom langs in onze showroom en kijk direct mee met onze meubelmakers.",
"Need advice or have questions? Contact the specialist.","Twijfels of advies nodig? App de specialist.",
"View options","Bekijk opties",
"%0 of %1 products in cart displayed","%0 van %1 producten in winkelwagen weergegeven"
"Returns & Refunds","Retourneren en terugbetalingen"
"Privacy Policy","Privacybeleid"
"Techtic. All rights reserved","Techtic. Alle rechten voorbehouden"
"You can track your order status by creating an account.","U kunt de status van uw bestelling volgen door een account aan te maken."
"Thank you! We have received your order #%1.","Bedankt! We hebben je bestelling #%1 goed ontvangen."
"The previous active payment method is no longer available. To complete your order, please select a different payment option.","De vorige actieve betaalmethode is niet langer beschikbaar. Selecteer een andere betaaloptie om uw bestelling te voltooien."
"Your checkout information has been updated in the background. Please refresh the page to continue the checkout process in this window.","Uw afrekeningsgegevens zijn op de achtergrond bijgewerkt. Vernieuw de pagina om het afrekeningsproces in dit venster voort te zetten."
"Information has been updated","De informatie is bijgewerkt"
"Tax","w.v. BTW 21%"
"Craftsmanship from our own furniture factory","Vakmanschap uit eigen meubelfabriek",
"100% quality control by our craftsmen","100% Kwaliteitscontrole door onze vakmensen",
"Available immediately from stock","Direct leverbaar uit voorraad",
"30-day cooling-off period","30 Dagen bedenktijd",
"Average delivery time: 21 days","Gemiddelde levertijd: 21 dagen",
"Fully assembled","Volledig gemonteerd",
"Easy assembly","Eenvoudige montage",
"Siphon-friendly","Sifon-vriendelijk",
"Best sellers","Best verkocht",
"Newest products","Nieuwste producten",
"Order quickly, only %1 left in stock","Bestel snel, nog maar %1 op voorraad",
"Add to Quote","Liever een offerte? Vraag aan",
"Quote Summary","Offerteoverzicht",
"My Quote Cart","Mijn offerte-aanvraag",
"Checkout","Aanvraag afronden",
"Subtotal","Subtotaal",
"Shipping","Verzendkosten",
"Tax / VAT","BTW",
"Total","Totaal",
"Edit","Bewerken",
"Update","Aanpassen"
"Remove","Verwijderen",
"Quote is empty","De offerte is leeg",
"Trash","Prullenbak",
"Enter your details","Vul uw gegevens in",
"Remarks","Opmerkingen",
"Clear Quote","Offerte legen",
"Update Quote","Offerte bijwerken",
"Submit Quote","Offerte verzenden",
"Request Quote","Offerte aanvragen",
"Quote Cart","Uw offerteoverzicht",
"Quote Total","Offertetotaal",
"You must login or register to add items to your quote cart.","U moet inloggen of registreren om items aan uw offerte-aanvraag toe te voegen.",
"You added %1 to your quote cart.","U heeft %1 toegevoegd aan uw offerte-aanvraag.",
"Add Note","Notitie toevoegen",
"My Quotes","Mijn offertes"
"Cancel / Close","Annuleren / Sluiten"
"Approve","Goedkeuren"
"Convert To Order","Omzetten naar bestelling"
"Download PDF","PDF downloaden"
"Quote View","Offerte bekijken"
"Sales","Verkoop"
"Quotes","Offertes"
"You approved the quote.","U heeft de offerte goedgekeurd."
"You closed the quote.","U heeft de offerte gesloten."
"New Quote","Nieuwe offerte"
"Edit Quote","Offerte bewerken"
"You updated the quote.","U heeft de offerte bijgewerkt."
"You created the quote.","U heeft de offerte aangemaakt."
"Requested quote does not exist","De aangevraagde offerte bestaat niet."
"Something went wrong","Er is iets misgegaan"
"Out of stock","Niet op voorraad"
"Login for quote","Inloggen voor offerte"
"Submitted Quote","Ingediende offerte"
"Approved Quote","Goedgekeurde offerte"
"Modified Quote","Gewijzigde offerte"
"Canceled Quote","Geannuleerde offerte"
"Expired Quote","Verlopen offerte"
"Quote Number","Offertenummer"
"Quote Status","Offertestatus"
"Quote Date","Offertedatum"
"Quote Expiry Date","Vervaldatum offerte"
"Quote Items","Offerteproducten"
"Quote Information","Offerte-informatie"
"Quote Edit","Offerte bewerken"
"Quote History","Offertegeschiedenis"
"Quote Currency:","Offertevaluta:"
"Quote Comments","Offerteopmerkingen"
"Quote & Account Information","Offerte- en accountinformatie"
"Quote Date (%1)","Offertedatum (%1)"
"Reminder Date","Herinneringsdatum"
"Clone as Quote","Klonen als offerte"
"Move to Cart","Verplaatsen naar winkelwagen"
"Move to Shopping Cart","Verplaatsen naar winkelwagen"
"Move to Checkout","Ga naar afrekenen"
"You have placed no quotes.","U heeft geen offertes geplaatst."
"There are no quote requests.","Er zijn geen offerteaanvragen."
"Request a Quote","Offerte aanvragen"
"My Quote","Mijn offerte"
"Submitted Quote","Ingediende offerte"
"Email alert for new quote requests","E-mailmelding voor nieuwe offerteaanvragen"
"Email alert for approved quote requests","E-mailmelding voor goedgekeurde offertes"
"Email alert for canceled quote requests","E-mailmelding voor geannuleerde offertes"
"Email alert for modified quote requests","E-mailmelding voor gewijzigde offertes"
"Email alert for expired quote requests","E-mailmelding voor verlopen offertes"
"Email alert for submitted quote request","E-mailmelding voor ingediende offerte"
"Email alert for reminder quote requests","E-mailmelding voor herinnering offerte"
"Quote request has been received!","Uw offerteaanvraag is ontvangen!"
"Quote Cart has been disabled.","Offerte-aanvraag is uitgeschakeld."
"Empty Quote Cart can not be submitted.","Een lege offerte kan niet worden verzonden."
"Quote Cart has invalid status.","De offerte heeft een ongeldige status."
"The quote can't be created.","De offerte kan niet worden aangemaakt."
"Quote with ID %1 not approved","Offerte met ID %1 is niet goedgekeurd"
"You don’t have permission to access the quote with ID %1.","U heeft geen toegang tot de offerte met ID %1."
"Amasty Request a Quote","Amasty Offerteaanvraag",
"Login","Inloggen",
"You already have an account with us. Please sign in.","U heeft al een account bij ons. Log alstublieft in.",
"Could not find quote item with id: %1.","Kan item met id niet vinden: %1.",
"You have no items in your quote cart.","Je hebt geen artikelen in je offertewagen.",
"Your quote request has been received!","Uw offerteaanvraag is ontvangen!",
"Thank you for your interest!","Hartelijk dank voor uw interesse!",
"Your Quote Request # is:","Uw offerteaanvraag # is:",
"Your Quote Request # is: %1.","Uw offerteaanvraag # is: %1.",
"Your Quote Request # is: <span>%1</span>.","Uw offerteaanvraag # is: <span>%1</span>.",
"We'll email you a Quote Request confirmation email with a link to track progress.","We sturen u een bevestigingsmail met een link om de voortgang te volgen.",
"Quote #","Citaat #",
"Date","Datum",
"View","Bekijken",
"Requested Price","Gevraagde prijs",
"Approved Price","Goedgekeurde prijs",
" Submitted Date:"," Ingediende datum:",
"Quote # %1","Citaat # %1",
"Submitted Quote","Ingediende offerte",
"Approved Quote","Goedgekeurde offerte",
"Modified Quote","Gewijzigde offerte",
"Canceled Quote","Geannuleerde offerte",
"Expired Quote","Verlopen offerte",
"We'll send notifications about the quote to the inserted email address. Please note that if you want to track a quote status on the website you have to <a href=""%1"">register</a> before submitting the quote.","We sturen meldingen over de offerte naar het opgegeven e-mailadres. Houd er rekening mee dat als u de status van een offerte op de website wilt volgen, u zich moet <a href=""%1“”>registreren</a> voordat u de offerte indient.",
"View Product","Bekijk product",
"Plan Showroom Visit","Showroombezoek plannen",
"Craftsmanship and expertise, delivered throughout Europe","Ambacht en vakmanschap, geleverd door heel Europa",
"Happy with your new purchase? Let us know!","Blij met je nieuwe aankoop? Laat het horen!",
"What would you like us to call you?","Hoe mogen we je noemen?",
"Headline of your review","Koptekst van je review",
"What do you think of your new product?","Wat vind je van je nieuwe product?",
"Submit your review","Verstuur je review",
"Show All Photos","Alle foto's weergeven",
"Made in 21 days – no waiting list","Gemaakt in 21 dagen – geen wachtlijst",
"Configure Now","Configureer Nu",
"Not available","Niet beschikbaar",
"Total Look Price","Totaalprijs",
"Buy the entire look","Koop de hele look",
"Products in this look","Producten in deze look",
"There are currently no looks available in this category.","Er zijn momenteel geen looks beschikbaar in deze categorie.",
"View all looks","Bekijk alle looks",
"All","Alle",
"Pre Order","Vooruitbestellen",
"%1 units arriving %2 — shipped from our own production in Java","%1 artikelen onderweg %2 — verzonden vanuit onze eigen productie in Java",
"Last one arriving %1","Laatste exemplaar onderweg %1",
"12 weeks from Java","12 weken vanaf Java",
"Shipping soon; you will automatically receive a tracking number.","Wordt binnenkort verzonden, je ontvangt automatisch een track & trace.",
"Not available","Niet beschikbaar",
"Fully custom-made in our own workshop - lead time approx. 3 weeks.","Volledig op maat gemaakt in onze eigen werkplaats - levertijd ca. 3 weken.",
"%1 days left - reserve now","Nog %1 dagen - reserveer nu",
"Expected on","Verwacht op",
"Reserve now - Receive on the delivery date","Reserveer nu - Ontvang op de leveringsdatum",
"Only %1 items left - Hurry!","Nog maar %1 stuks op voorraad - Wees er snel bij!",
"Order & Receive","Bestellen & ontvangen",
"Craftsmanship from our own factory in Indonesia","Vakmanschap uit onze eigen fabriek in Indonesië",
"100% quality control before shipment","100% kwaliteitscontrole vóór verzending",
"Exclusively FSC® Premium Teak","Uitsluitend FSC® Premium Teak",
"Production begins immediately after order placement","Productie start direct na bestelling",
"Crafted for you in our own factory in Indonesia — delivery time approx. 12–14 weeks.","Voor u vervaardigd in onze eigen fabriek in Indonesië — levertijd ca. 12-14 weken.",
"Customization available","Maatwerk mogelijk",
"need to adjust the dimensions or design? Message our specialist.","afmeting of uitvoering aanpassen? App onze specialist.",
"Already manufactured — on its way from our own factory in Indonesia.","Reeds vervaardigd — onderweg vanuit onze eigen fabriek in Indonesië.",
"Expected in our showroom on %1","Verwacht in onze showroom op %1",
"Limited edition on its way from our factory in Indonesia — reserve today","Beperkte oplage onderweg uit onze fabriek in Indonesië — reserveer vandaag",
"Only %1 units on their way from our factory in Indonesia — reserve today","Slechts %1 exemplaren onderweg uit onze fabriek in Indonesië — reserveer vandaag",
"Almost sold out — only %1 units left on their way from our factory in Indonesia.","Bijna uitverkocht — nog slechts %1 exemplaren onderweg uit onze fabriek in Indonesië.",
"Reserve now to avoid disappointment","Reserveer nu om teleurstelling te voorkomen",
"Order now, we’ll ship immediately upon arrival in Tolbert","Bestel nu, wij verzenden direct na aankomst in Tolbert",
"Patrick will review your note personally · within 24 hours","Patrick leest uw notitie persoonlijk · binnen 24 uur",
"Do you have a discount code?","Heeft u een kortingscode?",
"Enter code","Voer code in",
"🎉 You qualify for free delivery!","🎉 U heeft gratis bezorging!",
"Only € ","Nog € ",
" more for free delivery"," tot gratis bezorging",
"Your Shopping Cart","Uw winkelwagen",
"Expected","Verwacht",
"Order now · ~3 weeks total","Bestel nu · ~3 wkn totaal",
"We’ll set one aside for you","Wij zetten één apart",
"We’ll schedule delivery","Wij plannen bezorging in",
"Expected in %1. We’ll set one aside for you and contact you as soon as it’s been inspected in Tolbert — then delivered to your home within 1 week.","Verwacht in %1. Wij zetten één voor jou apart en nemen contact op zodra hij gecontroleerd is in Tolbert — daarna binnen 1 week bij jou thuis.",
"Expected on %1. We'll set one aside for you and get in touch as soon as it's been checked in Tolbert — after which it will be delivered to your home within a week.","Verwacht op %1. Wij zetten één voor jou apart en nemen contact op zodra hij gecontroleerd is in Tolbert — daarna binnen 1 week bij jou thuis.",
"Expected this week","Verwacht week",
"Temporarily out of stock","Tijdelijk niet op voorraad",
"Submitting...","Bezig met verzenden...",
"Unavailable","niet beschikbaar",
"Only","nog",
"Expected","Verwacht",
"delivery time","levertijd",
"Verified in Tolbert","Gecontroleerd Tolbert",
"Every item is personally inspected in Tolbert. We will contact you to schedule your delivery—delivered to your home within 1 to 2 weeks.","Elk stuk wordt persoonlijk gecontroleerd in Tolbert. Wij nemen contact op om de bezorging in te plannen — leverbaar binnen 1 à 2 weken bij jou thuis.",
"Pay on delivery","Betaal bij levering",
"Our collections","Onze collecties",
"Our story","Ons verhaal",
"View by type","Bekijken op type",
"The Furniture Workshop","De meubelwerkplaats",
"400 m² workshop in Tolbert","Werkplaats van 400 m² in Tolbert",
"Our Showroom","Onze showroom",
"Open today until 17:30 · Tolbert","Vandaag geopend tot 17.30 uur · Tolbert",
"Inspiration & Style","Inspiratie & stijl",
"Lookbooks, style guides, color cards","Lookbooks, stijlgidsen, kleurenkaarten",
"Call now","Bel direct",
"Your quote summary","Uw offerteoverzicht",
"Solid wood & certified","Massief hout & gecertificeerd",
"True craftsmanship, custom-made","Echt ambacht, op maat gemaakt",
"Accurate to the millimeter","Op de mm nauwkeurig",
"From our own furniture workshop","Uit eigen meubelmakerij",
"Tolbert, since 2002","Tolbert, sinds 2002",
"Hassle-free & fast delivery","Zorgeloze & snelle levering",
"Safely packaged, delivered quickly","Veilig verpakt, snel in huis",
"Your furniture is crafted from premium solid wood sourced from responsibly managed forests (FSC-C220387). Our workshop is powered by an energy-positive building with 140 solar panels. A beautiful, responsible choice.","Jouw meubel wordt vervaardigd uit premium massief hout, afkomstig uit verantwoord beheerde bossen (FSC-C220387). Onze meubelmakerij draait op een energiepositief gebouw met 140 zonnepanelen. Een prachtige, verantwoorde keuze.",
"No mass production, but pure craftsmanship. Your furniture is custom-made and finished to the millimeter by our own skilled craftsmen. Extremely strong, timeless, and delivered with a standard 2-year full warranty.","Geen massaproductie, maar puur handwerk. Jouw meubel wordt door onze eigen vakmensen tot op de millimeter nauwkeurig op maat gemaakt en afgewerkt. Oersterk, tijdloos en standaard geleverd met 2 jaar volledige garantie.",
"Our in-house furniture workshop has been the beating heart of Techtic since 2002. Here, we design and make every piece of furniture with pure passion. Would you like to feel the wood in real life and compare colors? Then come visit our 1,500m² showroom in Tolbert.","Al sinds 2002 is onze eigen meubelmakerij het kloppende hart van Techtic. Hier ontwerpen en maken we elk meubel met pure passie. Wil je het hout in het echt voelen en kleuren vergelijken? Kom dan langs in onze 1500m² showroom in Tolbert.",
"As soon as your order is perfectly finished, we pack it with the utmost care and deliver quickly and safely throughout Europe. Not 100% to your liking? You have 30 days to change your mind. For personal advice, call the furniture makers directly: 085 130 2543.","Zodra je bestelling perfect is afgewerkt, verpakken we deze met de grootste zorg en leveren we snel en veilig in heel Europa. Toch niet 100% naar wens? Je hebt 30 dagen bedenktijd. Voor persoonlijk advies bel je direct met de meubelmakers: 085 130 2543.",
"FSC®-certified","FSC®-gecertificeerd",
"Solid oak & teak","Massief eiken & teak",
"Energy-positive","Energiepositief",
"Timeless design","Tijdloos design",
"Sustainable materials","Duurzame materialen",
"Tolbert Furniture Makers","Meubelmakerij Tolbert",
"Since 2002","Sinds 2002",
"Carefully packaged","Zorgvuldig verpakt",
"Personal advice","Persoonlijk advies",
"View directions","Bekijk route",
"Welcome back","Welkom terug",
"We've safely received your details. Choose a password to track your order live and download invoices.","Je gegevens zijn al veilig ontvangen. Kies een wachtwoord om je order live te volgen en facturen te downloaden.",
"Log in","Inloggen",
"Register","Registreren",
"Email Address","E-mailadres",
"Password","Wachtwoord",
"Forgot?","Vergeten?",
"Stay logged in","Ingelogd blijven",
"Sign in securely","Veilig inloggen",
"Min. %1 characters","Min. %1 tekens",
"Keep me posted on offers","Houd me op de hoogte van aanbiedingen",
"Create account","Account aanmaken",
"Securely paid via Pay.nl","Veilig afgerekend via Pay.nl",
"Order #%1","Bestelling #%1",
"confirmation is on its way","bevestiging is onderweg",
"2-year guarantee — and we're here for you after that too.","2 jaar garantie — en ook daarna staan wij voor je klaar.",
"2-year guarantee - and we're here for you after that too.","2 jaar garantie - en ook daarna staan wij voor je klaar.",
"30-day returns · secured by Pay.nl","30 dagen retour · Pay.nl beveiligd",
"30-day returns","30 dagen retour",
"secured by Pay.nl","Pay.nl beveiligd",
"Questions?","Vragen?",
"Welcome","Welkom",
"Your note","Jouw opmerking",
"Reorder","Opnieuw bestellen",
"%1 address cannot be shown due to a technical malfunction.","Het adres %1 kan vanwege een technische storing niet worden weergegeven.",
"saved successfully","succesvol opgeslagen",
"saving","wordt opgeslagen",
"Saving method","Verzendmethode opslaan",
"Saving shipping method","Verzendmethode opslaan",
"Saving your address","Uw adres opslaan",
"Back to %1","Terug naar %1",
"Back to Cart","Terug naar winkelwagen",
"Pending Shipping Quote","Verzendofferte in behandeling",
"Please enter a valid zip/postal code.","Vul alstublieft een geldige postcode in.",
"Free shipping to the Netherlands and Belgium on orders of €300 or more","Gratis bezorging NL & BE vanaf €300",
"Discover our bestsellers","Ontdek onze bestsellers",
"Unable to create account. Please try again.","Het is niet gelukt om een account aan te maken. Probeer het nog eens.",
"Passwords do not match.","De wachtwoorden komen niet overeen.",
"Qty %1","Aantal %1",
